id,e_number,name,name_en,wikidata
en:e905b,E905B,E905b - Vaseline,E905b - petroleum jelly,Q457239
en:e503,E503,E503 - Ammoniumcarbonate,E503 - Ammonium carbonates,Q204873
en:e336i,E336I,E336i - Monokaliumtartrat,E336i - Monopotassium tartrate,Q18745
en:e133,E133,E133 - Brilliantblau FCF,E133 - Brilliant blue FCF,Q420093
en:e307b,E307B,E307b - konzentrierter Tocopherol,E307b - concentrated tocopherol,Q158348
en:e627,E627,E627 - Dinatriumguanylat,E627 - Disodium guanylate,Q905776
en:e941,E941,E941 - Stickstoff,E941 - Nitrogen,Q627
en:e470b,E470B,E470b - Magnesiumsalze der Speisefettsäuren,E470b - Magnesium salts of fatty acids,
en:e160b,E160B,E160b - Annatto (Bixin und Norbixin),E160b - Annatto,Q425902
en:e102,E102,E102 - Tartrazin,E102 - Tartrazine,Q407158
en:e481,E481,E481 - Natriumstearoyl-2-lactylat,E481 - Sodium stearoyl-2-lactylate,Q416058
en:e332ii,E332II,E332ii - Trikaliumcitrat,E332ii - Tripotassium citrate,Q419921
en:e302,E302,E302 - Calciumascorbat,E302 - Calcium ascorbate,Q283033
en:e962,E962,E962 - Aspartam-acesulfamsalz,E962 - Salt of aspartame-acesulfame,Q409847
en:e243,E243,E243 - Ethyllauroylarginat,E243 - Ethyl lauroyl arginate,Q18608852
en:e436,E436,E436 - Polyoxyethylen-sorbitantristearat,E436 - Polyoxyethylene sorbitan tristearate,Q2103107
en:e900b,E900B,E900b - Methylphenylpolysiloxan,E900b - Methylphenylpolysiloxane,Q411955
en:e333,E333,E333 - Calciumcitrat,E333 - Calcium citrates,Q420280
en:e150c,E150C,E150c - Ammoniak-Zuckerkulör,E150c - Ammonia caramel,Q11735907
en:e381,E381,E381 - Ammoniumeisen-III-citrat,E381 - ferric ammonium citrate,Q473522
en:e470aii,E470AII,E470aii - Kaliumsalze der Speisefettsäuren,E470aii - Potassium salts of fatty acids,
en:e160aii,E160AII,E160aii - Pflanzliche carotine,E160aii - Plant carotenes,
en:e402,E402,E402 - Kaliumalginat,E402 - Potassium alginate,Q16038950
en:e450iv,E450IV,E450iv - Dikaliumdihydrogendiphosphat,E450iv - dipotassium dihydrogenpyrophosphate,Q290828
en:e246,E246,E246 - Glykolipide,E246 - Glycolipids,
en:e250,E250,E250 - Natriumnitrit,E250 - Sodium nitrite,Q339975
en:e433,E433,E433 - Polyoxyethylen-sorbitanmonooleat,E433 - Polyoxyethylene sorbitan monooleate,Q420358
en:e336,E336,E336 - Kaliumtartrate,E336 - Potassium tartrates,Q65770886
en:e503i,E503I,E503i - Ammoniumcarbonat,E503i - Ammonium carbonate,Q204873
en:e628,E628,E628 - Dikaliumguanylat,E628 - Dipotassium guanylate,Q5280047
en:e333i,E333I,E333i - Monocalciumcitrat,E333i - Monocalcium citrate,Q420280
en:e629,E629,E629 - Calciumguanylat,E629 - Calcium guanylate,Q5018832
en:e181,E181,E181 - Tannine,E181 - Tannin,Q187607
en:e212,E212,E212 - Kaliumbenzoat,E212 - Potassium benzoate,Q413611
en:e1102,E1102,E1102 - Glukose-Oxidase,E1102 - Glucose oxidase,Q419321
en:e283,E283,E283 - Kaliumpropionat,E283 - Potassium propionate,Q416435
en:e642,E642,E642 - Lysinhydrochlorid,E642,
en:e511,E511,E511 - Magnesiumchlorid,E511 - Magnesium chloride,Q265414
en:e1413,E1413,E1413 - Phosphatiertes distärkephosphat,E1413 - Phosphated distarch phosphate,Q7187438
en:e163e,E163E,E163e - Peonidin,E163e - Peonidin,Q3072948
en:e141i,E141I,E141i - Kupferkomplexe der Chlorophylle,E141i - Copper complexes of chlorophylls,Q18967203
en:e1201,E1201,E1201 - Polyvinylpyrrolidon,E1201 - Polyvinylpyrrolidone,Q413433
en:e573,E573,E573 - Aluminiumstearat,E573 - Aluminium stearate,
en:e341i,E341I,E341i - Monocalciumphosphat,E341i - Monocalcium phosphate,Q414673
en:e160f,E160F,E160f - β-Apo-8′-carotinsäureethylester,E160f - Ethyl ester of beta-apo-8'-carotenic acid (C 30),
en:e172,E172,E172 - Eisenoxide und Eisenhydroxide,E172 - Iron oxides and iron hydroxides,Q3045754
en:e1442,E1442,E1442 - Hydroxypropyldistärkephosphat,E1442 - Hydroxypropyl distarch phosphate,Q10528966
en:e462,E462,E462 - Ethylcellulose,E462 - Ethyl cellulose,Q420113
en:e479b,E479B,E479b - Thermooxidiertes Sojaöl verestert mit Mono- und Diglyceriden von Speisefettsäuren,E479b - Thermally oxidised soya bean oil interacted with mono- and diglycerides of fatty acids,
en:e905f,E905F,E905f - Mineralöl mittlere und niedrige Viskosität Klasse II,E905f - Mineral oil medium and low viscosity class II,Q579764
en:e541ii,E541II,E541ii - Alkalisches Natriumaluminiumphosphat,E541ii - Alkaline sodium aluminium phosphate,Q1220360
en:e141,E141,E141 - Kupferhaltigen Komplexe der Chlorophylle und Chlorophylline,E141 - Copper complexes of chlorophylls and chlorophyllins,Q18967203
en:e902,E902,E902 - Candelillawachs,E902 - Candelilla wax,Q898937
en:e576,E576,E576 - Natriumgluconat,E576 - Sodium gluconate,Q264552
en:e1421,E1421,E1421 - Acetylierte Stärke,E1421 - Acetylated starch,Q18944665
en:e150d,E150D,E150d - Ammonsulfit-Zuckerkulör,E150d - Sulphite ammonia caramel,Q13081740
en:e1504,E1504,E1504 - Essigsäureethylester,E1504 - ethyl acetate,Q407153
en:e620,E620,E620 - Glutaminsäure,E620 - Glutamic acid,Q181136
en:e472,E472,E472 - Säureester von Mono- und Diglyceride von Speisefettsäuren,E472 - acid esters of mono- and diglycerides of fatty acids,
en:e470ai,E470AI,E470ai - Natriumsalze der Speisefettsäuren,E470ai - Sodium salts of fatty acids,
en:e160ai,E160AI,E160ai - Beta-Carotin,E160ai - Beta-carotene,Q306135
en:e162,E162,E162 - Betanin,E162 - Beetroot red,Q420138
en:e161g,E161G,E161g - Canthaxanthin,E161g - Canthaxanthin,
en:e224,E224,E224 - Kaliummetabisulfit,E224 - Potassium metabisulphite,Q417881
en:e625,E625,E625 - Magnesiumdiglutamat,E625 - Magnesium diglutamate,Q1821120
en:e172i,E172I,E172i - Eisenoxidschwarz,E172i - Black iron oxide,Q3045754
en:e341,E341,E341 - Calciumphosphate,E341 - Calcium phosphates,Q426664
en:e231,E231,E231 - Orthophenylphenol,E231 - Orthophenyl phenol,
en:e515ii,E515II,E515ii - Kaliumhydrogensulfat,E515ii - Potassium hydrogen sulphate,Q193054
en:e553,E553,E553) - Magnesiumsilicat,E553 - Magnesium silicates,
en:e310,E310,E310 - Propylgallat,E310 - Propyl gallate,Q608726
en:e495,E495,E495 - Sorbitanmonopalmitat,E495 - Sorbitan monopalmitate,Q18601367
en:e710,E710,E710 - Spiramycin,E710 - Spiramycin,Q422265
en:e322ii,E322II,E322ii - Teilweise hydrolysiertes Lecithin,E322ii - Partially hydrolyzed lecithin,Q241595
en:e426,E426,E426 - Sojabohnen-polyose,E426 - Soybean hemicellulose,Q18967285
en:e484,E484,E484 - Stearylcitrat,E484 - Stearyl citrate,Q18608830
en:e161a,E161A,E161a - Flavoxanthin,E161a - Flavoxanthin,
en:e323,E323,E323 - Anoxomer,E323 - Anoxomer,
en:e452i,E452I,E452i - Natriumpolyphosphat,E452i - Sodium polyphosphate,Q11867365
en:e999,E999,E999 - Quillajaextrakt,E999 - Quillaia extract,Q118843
en:e152,E152,E152 - Kienruß,E152 - Black 7984,Q764245
en:e123,E123,E123 - Amaranth,E123 - Amaranth,Q421074
en:e637,E637,E637 - Ethyl maltol,E637 - Ethyl maltol,
en:e944,E944,E944 - Propan,E944 - Propane,Q131189
en:e160d,E160D,E160d - Lycopin,E160d - Lycopene,Q208130
en:e352,E352,E352 - Calciummalaten,E352 - Calcium malates,Q1356722
en:e315,E315,E315 - Isoascorbinsäure,E315 - Erythorbic acid,Q424531
en:e490,E490,E490 - 1‚2-Propandiol,E490 - Propylene glycol,Q161495
en:e905d,E905D,E905d - Mineralöl hohe Viskosität,E905d - Mineral oil high viscosity,Q579764
en:e440ii,E440II,E440ii - Amidiertes pektin,E440ii - Amidated pectin,Q42807519
en:e917,E917,E917 - Kaliumiodat,E917 - potassium iodate,Q414599
en:e522,E522,E522 - Aluminiumkaliumsulfat,E522 - Aluminium potassium sulphate,Q411309
en:e110,E110,E110 - Gelborange S,E110 - Sunset yellow FCF,Q410095
en:e126,E126,E126 - Ponceau 6R,E126 - Ponceau 6R,Q596946
en:e919,E919,E919 - Nitrosylchlorid,E919 - Nitrosyl chloride,Q419266
en:e638,E638,E638 - Natriumaspartam,E638,
en:e452,E452,E452 - Polyphosphate,E452 - Polyphosphates,Q11867365
en:e943b,E943B,E943b - Isobutan,E943b - Isobutane,
en:e545,E545,E545 - Ammoniumpolyphosphat,E545 - Ammonium polyphosphate,Q2770473
en:e415,E415,E415 - Xanthan,E415 - Xanthan gum,Q410768
en:e918,E918,E918 - Stickoxide,E918 - Nitrogen oxides,Q18967254
en:e161h,E161H,E161h - Zeaxanthin,E161h - Zeaxanthin,
en:e200,E200,E200 - Sorbinsäure,E200 - Sorbic acid,Q407131
en:e340ii,E340II,E340ii - Dikaliumphosphat,E340ii - Dipotassium phosphate,Q403721
en:e452vi,E452VI,E452vi - Natriumtripolyphosphat,E452vi - Sodium tripolyphosphate,Q11867365
en:e556,E556,E556 - Calciumaluminiumsilicat,E556 - Calcium aluminium silicate,Q18967182
en:e927a,E927A,E927a - Azodicarboxamid,E927a - Azodicarbonamide,Q415646
en:e960c,E960C,E960c - Enzymatisch hergestellte Steviolglycoside,E960c - Enzymatically produced steviol glycosides,
en:e140ii,E140II,E140ii - Chlorophylline,E140ii - Chlorophyllins,Q82182
en:e540,E540,E540 - Dicalciumdiphosphat,E540 - Dicalcium diphosphate,Q18967208
en:e410,E410,E410 - Johannisbrotgummi,E410 - Locust bean gum,Q221391
en:e1103,E1103,E1103 - Invertase,E1103 - Invertase,Q419189
en:e384,E384,E384 - Isopropylcitrate,E384 - Isopropyl citrates,
en:e352i,E352I,E352i - Calciummalat,E352i - Calcium malate,Q1356722
en:e326,E326,E326 - Kalumlactat,E326 - potassium lactate,Q411342
en:e267,E267,E267 - Gepufferter Essig,E267 - Buffered vinegar,Q130547560
en:e924b,E924B,E924b - Calciumbromat,E924b - Calcium bromate,Q409241
en:e1450,E1450,E1450 - Stärkenatriumoctenylsuccinat,E1450 - Starch sodium octenyl succinate,Q18967290
en:e1412,E1412,E1412 - Distärkephosphat,E1412 - Distarch phosphate,Q18967218
en:e926,E926,E926 - Chlordioxid,E926 - Chlorine dioxide,Q422080
en:e265,E265,E265 - Dehydroessigsäure,E265 - Dehydroacetic acid,Q920725
en:e1443,E1443,E1443 - Hydroxy propyl distarch glycerol,E1443 - Hydroxy propyl distarch glycerol,Q18967237
en:e444,E444,E444 - Saccharoseacetat-isobutyrat,E444 - Sucrose acetate isobutyrate,Q410537
en:e319,E319,E319 - Tertiär-butylhydrochinon,E319 - Tertiary-butylhydroquinone (tbhq),Q662443
en:e514,E514,E514 - Natriumsulfater,E514 - Sodium sulphates,Q211737
en:e260,E260,E260 - Essigsäure,E260 - Acetic acid,Q47512
en:e307c,E307C,E307c - DL-Alpha-Tocopherol,E307c - DL-Alpha-tocopherol,Q158348
en:e905c,E905C,E905c - Petroleumwachs,E905c - Petroleum wax,Q579764
en:e1505,E1505,E1505 - Triethylcitrat,E1505 - Triethyl citrate,Q418057
en:e318,E318,E318 - Calciumerythorbat,E318 - Calcium erythorbin,Q13081784
en:e160c,E160C,E160c - Paprikaextrakt (Capsanthin und Capsorubin),E160c - Paprika extract,
en:e1400,E1400,E1400 - Dextrine,E1400 - Dextrin,Q191978
en:e417,E417,E417 - Tarakernmehl,E417 - Tara gum,Q15089452
en:e419,E419,E419 - Ghatti-Gummi,E419 - Gum ghatti,Q18967232
en:e344,E344,E344 - Lecithin Citrat,E344 - Lecithin citrate,Q13081794
en:e952,E952,E952 - Cyclamat,E952 - Cyclamic acid and its Na and Ca salts,Q2130929
en:e234,E234,E234 - Nisin,E234 - Nisin,Q415798
en:e635,E635,E635 - Dinatrium-5'-ribonukleotid,E635 - Disodium 5'-ribonucleotide,Q18967210
en:e221,E221,E221 - Natriumsulfit,E221 - Sodium sulphite,Q407806
en:e470aiii,E470AIII,E470aiii - Calciumsalze der Speisefettsäuren,E470aiii - Calcium salts of fatty acids,
en:e915,E915,E915 - Kolophanester,E915 - Esters of Colophane,Q18935691
en:e160aiii,E160AIII,E160aiii - Beta-carotin aus blakeslea trispora,E160aiii - Beta-carotene from blakeslea trispora,
en:e418,E418,E418 - Gellan,E418 - Gellan gum,Q416694
en:e580,E580,E580 - Magnesiumgluconat,E580 - Magnesium Gluconate,Q6731392
en:e585,E585,E585 - Eisen-ii-lactat,E585 - Ferrous lactate,Q836793
en:e910,E910,E910 - Wachsester,E910 - Wax ester,Q7975685
en:e101a,E101A,E101a - 5'-Phosphat Natriumsalz der Riboflavin,E101a - E101a food additive,Q376061
en:e150b,E150B,E150b - Sulfitlaugen-Zuckerkulör,E150b - Caustic sulphite caramel,
en:e340iii,E340III,E340iii - Trikaliumphosphat,E340iii - Tripotassium phosphate,Q423852
en:e630,E630,E630 - Inosinsäure,E630 - Inosinic acid,Q255933
en:e923,E923,E923 - Ammoniumperoxodisulfat,E923 - ammonium persulfate,Q412085
en:e270,E270,E270 - Milchsäure,E270 - Lactic acid,Q56626856
en:e209,E209,E209 - Heptylparaben,E209 - Heptylparaben,Q5732121
en:e514i,E514I,E514i - Natriumsulfat,E514i - Sodium sulphate,Q211737
en:e960d,E960D,E960d - Glycosylierte Steviolglycoside,E960d - Glucosylated steviol glycosides,
en:e356,E356,E356 - Natriumadipat,E356 - Sodium adipate,Q423296
en:e230,E230,E230 - Biphenyl,E230 - Biphenyl,Q410915
en:e322i,E322I,E322i - Lecithin,E322i - Lecithin,Q241595
en:e388,E388,E388 - Thiodipropionsäure,E388 - Thiodipropionic acid,Q2823309
en:e905g,E905G,E905g - Mineralöl mittlere und niedrige Viskosität Klasse III,E905g - Mineral oil medium and low viscosity class III,Q579764
en:e515i,E515I,E515i - Kaliumsulfat,E515i - Potassium sulphate,Q193054
en:e340,E340,E340 - Kaliumphosphat,E340 - Potassium phosphates,Q3381491
en:e487,E487,E487 - Natriumlaurylsulfat,E487 - sodium dodecyl sulfate,Q422241
en:e905cii,E905CII,E905cii - Paraffin,E905cii - Paraffin wax,Q579764
en:e526,E526,E526 - Calciumhydroxid,E526 - Calcium hydroxide,Q182849
en:e150a,E150A,E150a - Zuckerkulör,E150a - Plain caramel,Q227816
en:e1519,E1519,E1519 - Benzylalkohol,E1519 - Benzyl alcohol,Q52353
en:e452ii,E452II,E452ii - Kaliumpolyphosphat,E452ii - Potassium polyphosphate,Q42807555
en:e621,E621,E621 - Mononatriumglutamat,E621 - Monosodium glutamate,Q179678
en:e914,E914,E914 - Polyethylenwachs-oxidate,E914 - Oxidised polyethylene wax,Q18608846
en:e345,E345,E345 - Magnesiumcitrat,E345 - Magnesium citrate,Q45044
en:e140,E140,E140 - Chlorophylle und Chlorophylline,E140 - Chlorophylls and Chlorophyllins,Q26806091
en:e422,E422,E422 - Glycerin,E422 - Glycerol,Q132501
en:e235,E235,E235 - Natamycin,E235 - Natamycin,Q248466
en:e634,E634,E634 - Calcium-5'-ribonukleotid,E634 - Calcium 5'-ribonucleotide,Q18967192
en:e949,E949,E949 - Wasserstoff,E949 - Hydrogen,Q556
en:e552,E552,E552 - Calciumsilicat,E552 - Calcium silicate,Q416365
en:e161f,E161F,E161f - Rhodoxanthin,E161f - Rhodoxanthin,
en:e445,E445,E445 - Glycerinester aus Wurzelharz,E445 - Glycerol esters of wood rosin,Q836765
en:e948,E948,E948 - Sauerstoff,E948 - Oxygen,Q629
en:e340i,E340I,E340i - Monokaliumphosphat,E340i - Monopotassium phosphate,Q415049
en:e515,E515,E515 - Kaliumsulfate,E515 - Potassium sulphates,Q193054
en:e452v,E452V,E452v - Ammoniumpolyphosphat,E452v - Ammonium polyphosphate,Q11867365
en:e153,E153,E153 - Pflanzenkohle,E153 - Vegetable carbon,Q59557415
en:e322,E322,E322 - Lecithine,E322 - Lecithins,Q241595
en:e140i,E140I,E140i - Chlorophylle,E140i - Chlorophylls,Q82182
en:e488,E488,E488 - Ethoxylierte Mono- und Diglyceride,E488 - Ethoxylated Mono- and Di-Glycerides,Q18967225
en:e353,E353,E353 - Metaweinsäure,E353 - Metatartaric acid,Q17997708
en:e440,E440,E440 - Pektine,E440 - Pectins,Q188154
en:e1403,E1403,E1403 - gebleichte Stärke,E1403 - Bleached starch,
en:e122,E122,E122 - Azorubin (carmoisin),E122 - Azorubine,Q409676
en:e510,E510,E510 - Ammoniumchlorid,E510 - Ammonium chloride,Q188543
en:e264,E264,E264 - Ammoniumacetat,E264 - Ammonium acetate,
en:e489,E489,E489 - Methylglucosid-Kokosöl-Ester,E489 - Methyl glucoside-coconut oil ester,Q18967245
en:e523,E523,E523 - Aluminiumammoniumsulfat,E523 - Aluminium ammonium sulphate,Q419370
en:e1440,E1440,E1440 - Hydroxypropylstärke,E1440 - Hydroxypropyl starch,Q1640437
en:e352ii,E352II,E352ii - Calciumhydrogenmalat,E352ii - Calcium hydrogen malate,Q1356722
en:e924a,E924A,E924a - Kaliumbromat,E924a - Potassium bromate,Q409241
en:e385,E385,E385 - Calcium-dinatrium-ethylendiamintetraacetat,E385 - Calcium disodium ethylenediaminetetraacetate,Q9189390
en:e953,E953,E953 - Isomalt,E953 - isomalt,Q412068
en:e180,E180,E180 - Litholrubin BK,E180 - Litholrubine bk,Q427230
en:e927b,E927B,E927b - Carbamid,E927b - Carbamide,Q48318
en:e1520,E1520,E1520 - Propan-1‚2-diol,E1520 - Propylene Glycol,Q18967269
en:e349,E349,E349 - Ammoniummalat,E349 - ammonium malate,Q4747303
en:e544,E544,E544 - Calcium polyphosphat,E544 - Calcium polyphosphate,Q18967198
en:e414,E414,E414 - Gummi arabicum,E414 - Acacia gum,Q535814
en:e251,E251,E251 - Natriumnitrat,E251 - Sodium nitrate,Q184373
en:e905ci,E905CI,E905ci - Mikrokristallines wachs,E905ci - Microcrystalline wax,Q579764
en:e239,E239,E239 - Hexamethylentetramin,E239 - Hexamethylene tetramine,Q71969
en:e943a,E943A,E943a - Butan,E943a - Butane,
en:e452iii,E452III,E452iii - Natriumcalciumpolyphosphat,E452iii - Sodium calcium polyphosphate,Q18967198
en:e380,E380,E380 - Triammoniumcitrat,E380 - Triammonium citrate,Q13081798
en:e1100,E1100,E1100 - Amylasen,E1100 - Alpha-Amylase,Q17153
en:e238,E238,E238 - Calciumformiat,E238 - Calcium formiate,Q221123
en:e517,E517,E517 - Ammoniumsulfat,E517 - Ammonium sulphate,Q191831
en:e922,E922,E922 - Kaliumperoxodisulfat,E922 - Potassium persulfate,Q415226
en:e519,E519,E519 - Kupfersulfat,E519 - Copper sulphate,Q107184
en:e314,E314,E314 - Guajak,E314 - Guaiacum,
en:e1205,E1205,E1205 - Basisches methacrylat-copolymer,E1205 - Basic methacrylate copolymer,Q18967186
en:e14xx,E14XX,E14XX - Modifizierte Stärke,E14XX - Modified Starch,
en:e518,E518,E518 - Magnesiumsulfat,E518 - Magnesium sulphate,Q288266
en:e237,E237,E237 - Natriumformiat,E237 - Sodium formiate,Q409209
en:e945,E945,E945 - Chlorpentafluorethan,E945 - chloropentafluoroethane,Q419702
en:e956,E956,E956 - Alitam,E956 - Alitame,Q424676
en:e485,E485,E485 - Natriumstearoylfumarat,E485 - Sodium stearoyl fumarate,Q18967283
en:e1001,E1001,E1001 - Cholinsalz,E1001 - Choline salt,Q18668392
en:e161b,E161B,E161b - Lutein,E161b - Lutein,Q422067
en:e940,E940,E940 - Dichlordifluormethan,E940 - Dichlorodifluoromethane,Q423021
en:e514ii,E514II,E514ii - Natriumhydrogensulfat,E514ii - Sodium hydrogen sulphate,Q211737
en:e494,E494,E494 - Sorbitanmonooleat,E494 - Sorbitan monooleate,Q18944664
en:e306,E306,E306 - Stark tocopherolhaltige Extrakte,E306 - Tocopherol-rich extract,Q141180
en:e403,E403,E403 - Ammoniumalginat,E403 - Ammonium alginate,Q16038948
en:e341iii,E341III,E341iii - Tricalciumphosphat,E341iii - Tricalcium phosphate,Q278387
en:e631,E631,E631 - Dinatriuminosinat,E631 - Disodium inosinate,Q905782
en:e296,E296,E296 - Äpfelsäure,E296 - Malic acid,Q190143
en:e336ii,E336II,E336ii - Dikaliumtartrat,E336ii - Dipotassium tartrate,Q418064
en:e432,E432,E432 - Polyoxyethylen-sorbitanmonolaurat,E432 - Polyoxyethylene sorbitan monolaurate,Q413616
en:e225,E225,E225 - Kaliumsulfit,E225 - Calcium Disulphite,Q417109
en:e624,E624,E624 - Monoammoniumglutamat,E624 - Monoammonium glutamate,Q8213959
en:e911,E911,E911 - Fettsäuremethylester,E911 - Fatty acid methyl ester,Q18944655
en:e966,E966,E966 - Lactit,E966 - Lactitol,Q415020
en:e1517,E1517,E1517 - Glycerindiacetat,E1517 - Glyceryl diacetate,Q904648
en:e220,E220,E220 - Schwefeldioxid,E220 - Sulphur dioxide,Q5282
en:e332i,E332I,E332i - Monokaliumcitrat,E332i - Monopotassium citrate,
en:e213,E213,E213 - Calciumbenzoat,E213 - Calcium benzoate,Q414509
en:e106,E106,E106 - Flavinmononukleotid,E106 - flavin mononucleotide,Q376061
en:e536,E536,E536 - Kaliumferrocyanid,E536 - Potassium ferrocyanide,Q422017
en:e960a,E960A,E960a - Steviolglycoside aus Stevia,E960a - Steviol glycosides from Stevia,
en:e161c,E161C,E161c - Cryptoxanthin,E161c - Cryptoaxanthin,
en:e1410,E1410,E1410 - Monostärkephosphat,E1410 - Monostarch phosphate,Q18631008
en:e132,E132,E132 - Indigotin (Indigokarmin),E132 - Indigotine,Q410120
en:e1452,E1452,E1452 - Stärkealuminiumoctenylsuccinat,E1452 - Starch aluminium octenyl succinate,Q18967287
en:e172iii,E172III,E172iii - Eisenoxidgelb,E172iii - Yellow iron oxide,Q3045754
en:e502,E502,E502 - Carbonate,E502 - Carbonates,
en:e216,E216,E216 - 4-Hydroxybenzoesäurepropylester,E216 - Propyl para-hydroxybenzoate,Q511627
en:e103,E103,E103 - Alkannin,E103 - Alkannin,Q418237
en:e503ii,E503II,E503ii - Ammoniumhydrogencarbonat,E503ii - Ammonium hydrogen carbonate,Q421123
en:e261,E261,E261 - Kaliumacetat,E261 - Potassium acetate,Q409199
en:e303,E303,E303 - Kaliumascorbat,E303 - Potassium ascorbate,Q56410901
en:e406,E406,E406 - Agar-Agar,E406 - Agar,Q177998
en:e333ii,E333II,E333ii - Dicalciumcitrat,E333ii - Dicalcium citrate,Q420280
en:e332,E332,E332 - Kaliumcitrate,E332 - Potassium citrates,Q419921
en:e1402,E1402,E1402 - alkalisch modifizierte Stärke,E1402 - Alkaline modified starch,Q18636175
en:e963,E963,E963 - Tagatose,E963 - Tagatose,Q414089
en:e242,E242,E242 - Dimethyldicarbonat,E242 - Dimethyl dicarbonate,Q416985
en:e903,E903,E903 - Carnaubawachs,E903 - Carnauba wax,Q839494
en:e228,E228,E228 - Kaliumhydrogensulfit,E228 - Potassium bisulphite,Q412524
en:e141ii,E141II,E141ii - Kupferkomplexe der Chlorophylline,E141ii - Copper complexes of chlorophyllins,Q18967203
en:e407a,E407A,E407a - Verarbeitete Euchema-Algen,E407a - Processed eucheuma seaweed,Q421991
en:e541,E541,E541 - Natriumaluminiumphosphat,E541 - Sodium aluminium phosphate,Q1220360
en:e932,E932,E932 - Stickstoffoxid,E932 - Nitrogen oxide,
en:e466,E466,E466 - Carboxymethylcellulose,E466 - Sodium carboxy methyl cellulose,Q411030
en:e363,E363,E363 - Bernsteinsäure,E363 - Succinic acid,Q213050
en:e341ii,E341II,E341ii - Dicalciumphosphat,E341ii - Dicalcium phosphate,Q414619
en:e201,E201,E201 - Natriumsorbat,E201 - Sodium sorbate,Q420152
en:e650,E650,E650 - Zinkacetat,E650 - Zinc acetate,Q204639
en:e473,E473,E473 - Zuckerester von Speisefettsäuren,E473 - Sucrose esters of fatty acids,Q55648666
en:e163,E163,E163 - Anthocyane,E163 - Anthocyanins,Q262547
en:e1204,E1204,E1204 - Pullulan,E1204 - Pullulan,Q419779
en:e391,E391,E391 - Phytinsäure,E391 - Phytic acid,Q409679
en:e900a,E900A,E900a - Dimethylpolysiloxan,E900a - Dimethyl polysiloxane,Q411955
en:e111,E111,E111 - Orange GGN,E111 - Orange GGN,Q929052
en:e333iii,E333III,E333iii - Tricalciumcitrat,E333iii - Tricalcium citrate,Q420280
en:e166,E166,E166 - Sandelholz,E166 - Sandalwood,
en:e476,E476,E476 - Polyglycerin-Polyricinoleat,E476 - Polyglycerol polyricinoleate,Q168686
en:e491,E491,E491 - Sorbitanmonostearat,E491 - Sorbitan monostearate,Q907898
en:e282,E282,E282 - Calciumpropionat,E282 - calcium propionate,Q417394
en:e541i,E541I,E541i - Saures natriumaluminiumphosphat,E541i - Acid sodium aluminium phosphate,Q1220360
en:e161d,E161D,E161d - Rubixanthin,E161d - Rubixanthin,
en:e472e,E472E,E472e - Mono- und Diacetylweinsäureester von Mono- und Diglyceriden von Speisefettsäuren,E472e - Mono- and diacetyltartaric acid esters of mono- and diglycerides of fatty acids,Q409406
en:e572,E572,E572 - Magnesiumstearat,E572 - Magnesium stearate,Q416713
en:e172ii,E172II,E172ii - Eisen(III)-oxid,E172ii - Red iron oxide,Q3045754
en:e906,E906,E906 - Benzoe,E906 - Benzoin resin,Q793163
en:e470a,E470A,E470a - Natrium-/Kalium- und Calciumsalze der Speisefettsäuren,E470a - Sodium/potassium and calcium salts of fatty acids,
en:e160a,E160A,E160a - Carotine,E160a - carotene,Q190156
en:e307a,E307A,E307a - D-Alpha-Tocopherol,E307a - D-Alpha-tocopherol,Q158348
en:e311,E311,E311 - Octylgallat,E311 - Octyl gallate,Q2317929
en:e173,E173,E173 - Aluminium,E173 - Aluminium,Q663
en:e905a,E905A,E905a - Mineralöl,E905a - mineral oil,Q583582
en:e463,E463,E463 - Hydroxypropylcellulose,E463 - Hydroxypropyl cellulose,Q724426
en:isomaltose,ISOMALTOSE,Isomaltose,Isomaltose,Q28487684
en:e227,E227,E227 - Calciumhydrogensulfit,E227 - Calcium bisulphite,Q419619
en:e366,E366,E366 - Kaliumfumarat,E366 - Potassium fumarate,Q723321
en:e297,E297,E297 - Fumarsäure,E297 - Fumaric acid,Q139857
en:e905,E905,E905 - Syntetisches Wachs,E905 - Synthetic wax,Q579764
en:e1451,E1451,E1451 - Acetylierte oxidierte stärke,E1451 - Acetylated oxidised starch,Q2633813
en:e307,E307,E307 - Alpha-Tocopherol,E307 - Alpha-tocopherol,Q158348
en:e1104,E1104,E1104 - Lipasen,E1104 - lipase,Q380967
en:e409,E409,E409 - Arabinogalactan,E409 - Arabinogalactan,Q4783458
en:e470,E470,E470 - Natrium- Kalium- Calcium- und Magnesiumsalze von Fettsäuren,E470 - Sodium/potassium/calcium and magnesium salts of fatty acids,
en:e160,E160,E160 - Carotinoide,E160 - Carotenoids,Q191907
en:e451ii,E451II,E451ii - Pentakaliumtriphosphat,E451ii - Pentapotassium triphosphate,Q15632716
en:e967,E967,E967 - Xylit,E967 - Xylitol,Q212093
en:e170i,E170I,E170i - Calciumcarbonat,E170i - Calcium carbonate,Q23767
en:e460i,E460I,E460i - Mikrokristalline Cellulose,E460i - Microcrystalline cellulose,Q80294
en:e365,E365,E365 - Natriumfumarat,E365 - Sodium fumarate,
en:e219,E219,E219 - Phb-methylester-natriumsalz (natriummethyl-p-hydroxybenzoat),E219 - Sodium methyl p-hydroxybenzoate,Q3963920
en:e640i,E640I,E640i - Glycin,E640i - Glycine,Q18967228
en:e475,E475,E475 - Polyglycerinester von Speisefettsäuren,E475 - Polyglycerol esters of fatty acids,Q4037764
en:e165,E165,E165 - Gardenia Blau,E165 - Gardenia Blue,
en:e434,E434,E434 - Polyoxyethylen-sorbitanmonopalmitat,E434 - Polyoxyethylene sorbitan monopalmitate,Q1413823
en:e504i,E504I,E504i - Magnesiumcarbonat,E504i - Magnesium carbonate,Q407931
en:e622,E622,E622 - Monokaliumglutamat,E622 - Monopotassium glutamate,Q3029787
en:e537,E537,E537 - ferrohexacyanomanganat,E537 - ferrous hexacyanomanganate,Q18602070
en:e218,E218,E218 - Phb-methylester (methyl-p-hydroxybenzoat),E218 - Methyl p-hydroxybenzoate,Q229987
en:e15x,E15X,E15x - E15x food additive,E15x - E15x food additive,
en:e421,E421,E421 - Mannit,E421 - Mannitol,Q407646
en:e900,E900,E900 - Dimethylpolysiloxan und Methylphenylpolysiloxan,E900 - Dimethylpolysiloxane and Methylphenylpolysiloxane,Q411955
en:e160aiv,E160AIV,E160aiv - Algencarotine,E160aiv - Algal carotenes,
en:e107,E107,E107 - Gelb 2G,E107 - Yellow 2G,Q424528
en:e1401,E1401,E1401 - säurebehandelte Stärke,E1401 - Acid-treated modified starch,Q18967250
en:e304ii,E304II,E304ii - Ascorbylstearat,E304ii - Ascorbyl stearate,Q424521
en:e170,E170,E170 - Calciumcarbonate,E170 - Calcium carbonates,
en:e460,E460,E460 - Cellulose,E460 - Cellulose,Q80294
en:e551,E551,E551 - Siliciumdioxid,E551 - Silicon dioxide,Q116269
en:e500iii,E500III,E500iii - Natriumsesquicarbonat,E500iii - Sodium sesquicarbonate,Q2234978
en:e375,E375,E375 - Nikotinsäure,E375 - Nicotinic acid,
en:e539,E539,E539 - Natriumthiosulfat,E539 - sodium thiosulfate,Q339866
en:e334,E334,E334 - L(+)-Weinsäure,E334 - L(+)-tartaric acid,Q194322
en:e473a,E473A,E473a - Oligoester von Saccharose Typ I,E473a - Oligoesters of sucrose type I,Q32418
en:e321,E321,E321 - Butylhydroxytoluen,E321 - Butylated hydroxytoluene,Q221945
en:e163a,E163A,E163a - Cyanidin,E163a - Cyanidin,Q417606
en:e217,E217,E217 - Natriumpropyl-p-hydroxybenzoat,E217 - Sodium propyl para-hydroxybenzoate,Q18967279
en:e538,E538,E538 - Calciumferrocyanid,E538 - Calcium ferrocyanide,Q18967196
en:e472f,E472F,E472f - Gemischte Essig- und Weinsäureester von Mono- und Diglyceriden von Speisefettsäuren,E472f - Mixed acetic and tartaric acid esters of mono- and diglycerides of fatty acids,Q18967248
en:e308,E308,E308 - Gamma-Tocopherol,E308 - Gamme-tocopherol,Q155753
en:e121,E121,E121 - Zitrusrot 2,E121 - Citrus Red 2,Q2653981
en:e407,E407,E407 - Carrageen,E407 - Carrageenan,Q421991
en:e504,E504,E504 - Magnesiumcarbonaten,E504 - Magnesium carbonates,Q407931
en:e370,E370,E370 - 1‚4-Heptonolacton,E370 - 1‚4-Heptonolactone,
en:e309,E309,E309 - Delta-Tocopherol,E309 - Delta-tocopherol,Q155751
en:e968,E968,E968 - Erythrit,E968 - Erythritol,Q421873
en:e175,E175,E175 - Gold,E175 - Gold,Q897
en:e465,E465,E465 - Ethylmethylcellulose,E465 - Ethyl methyl cellulose,Q18579463
en:e339ii,E339II,E339ii - Dinatriumphosphat,E339ii - Disodium phosphate,Q418448
en:e640,E640,E640 - Glycin und seine natriumsalze,E640 - Glycine and its sodium salt,Q18967228
en:e405,E405,E405 - Propylenglycolalginat,E405 - Propane-1‚2-diol alginate,Q2474785
en:e908,E908,E908 - Reiskleiewachs,E908 - Rice bran wax,Q725234
en:e369,E369,E639 - Alanin,E369 - Alanin,
en:e210,E210,E210 - Benzoesäure,E210 - Benzoic acid,Q191700
en:e467,E467,E467 - Ethulose,E467 - Ethulose,Q5404436
en:e223,E223,E223 - Natriummetabisulfit,E223 - Sodium metabisulphite,Q284549
en:e909,E909,E909 - Walrat,E909 - Spermaceti,Q369682
en:e1510,E1510,E1510 - Ethanol,E1510 - Ethanol,Q153
en:e368,E368,E368 - Ammoniumfumarat,E368 - ammonium fumarate,Q2882202
en:e450viii,E450VIII,E450viii - Dimagnesiumdiphosphat,E450viii,Q290828
en:diphosphates-and-sodium-carbonates,DIPHOSPHATES-AND-SODIUM-CARBONATES,Diphosphate und Natriumcarbonate - E 450 und E 500,Diphosphates and sodium carbonates,
en:e452iv,E452IV,E452iv - Calciumpolyphosphat,E452iv - Calcium polyphosphate,Q11867365
en:e965i,E965I,E965i - D-Maltit,E965i - D-Maltitol,Q423882
en:e252,E252,E252 - Kaliumnitrat,E252 - Potassium nitrate,Q177836
en:e478,E478,E478 - Lactylierte Fettsäureester von Glycerin und Propan-1,E478 - Lactylated fatty acid esters of glycerol and propane-1,Q18935693
en:e215,E215,E215 - Phb-ethylester-natriumsalz (natriumethyl-p-hydroxybenzoat),E215 - Sodium ethyl p-hydroxybenzoate,
en:e921,E921,E921 - L-Cystein-Hydrochlorid-Monohydrat,E921 - L-cysteine hydrochloride monohydrate,
en:e400,E400,E400 - Alginsäure,E400 - Alginic acid,Q422092
en:e477,E477,E477 - Propylenglycolester von Speisefettsäuren,E477 - Propane-1‚2-diol esters of fatty acids,Q18944660
en:e960,E960,E960 - Steviolglycoside,E960 - Steviol glycosides,Q2805600
en:e290,E290,E290 - Kohlendioxid,E290 - Carbon dioxide,Q1997
en:e339iii,E339III,E339iii - Trinatriumphosphat,E339iii - Trisodium phosphate,Q3249706
en:e105,E105,E105 - Festgelb AB,E105 - Fast Yellow AB,
en:e574,E574,E574 - Gluconsäure,E574 - Gluconic acid,Q407569
en:e300,E300,E300 - Ascorbinsäure,E300 - Ascorbic acid,Q193598
en:e535,E535,E535 - Natriumferrocyanid,E535 - Sodium ferrocyanide,Q418474
en:e530,E530,E530 - Magnesiumoxid,E530 - Magnesium oxide,Q214769
en:e472b,E472B,E472b - Milchsäureester von Mono- und Diglyceriden von Speisefettsäuren,E472b - Lactic acid esters of mono- and diglycerides of fatty acids,Q18967238
en:e907,E907,E907 - Hydriertes poly-1-decen,E907 - Hydrogenated poly-1-decene,Q18967207
en:e500ii,E500II,E500ii - Natriumhydrogencarbonat,E500ii - Sodium hydrogen carbonate,Q179731
en:e100,E100,E100 - Kurkumin,E100 - Curcumin,Q312266
en:e469,E469,E469 - Enzymatisch hydrolysierte carboxymethylcellulose,E469 - Enzymatically hydrolysed carboxymethylcellulose,Q18935689
en:e335ii,E335II,E335ii - Dinatriumtartrat,E335ii - Disodium tartrate,Q17997701
en:potassium-iodide,POTASSIUM-IODIDE,Kaliumiodid,Potassium iodide,Q121874
en:e284,E284,E284 - Borsäure,E284 - Boric acid,Q187045
en:e367,E367,E367 - Calciumfumarat,E367 - Calcium fumarate,Q836445
en:e226,E226,E226 - Calciumsulfit,E226 - Calcium sulphite,Q899410
en:e468,E468,E468 - Vernetzte carboxymethylcellulose,E468 - Cross-linked sodium carboxymethylcellulose,Q18967204
en:e965,E965,E965 - Maltit,E965 - maltitol,Q423882
en:e383,E383,E383 - Calciumglycerophosphat,E383 - calcium glycerophosphate,Q4119838
en:e458,E458,E458 - Gamma-Cyclodextrin,E458 - Gamma-Cyclodextrine,
en:e955,E955,E955 - Sucralose,E955 - Sucralose,Q410209
en:e553b,E553B,E553b - Talkum,E553b - Talc,Q134583
en:e424,E424,E424 - Curdlan,E424 - Curdlan,Q616242
en:e632,E632,E632 - Dikaliuminosinat,E632 - Dipotassium inosinate,Q18608832
en:e450vii,E450VII,E450vii - Calciumdihydrogendiphosphat,E450vii - Calcium dihydrogen diphosphate,Q290828
en:e486,E486,E486 - Calciumstearoylfumarat,E486 - Calcium stearoyl fumarate,Q18606662
en:e357,E357,E357 - Kaliumadipat,E357 - Potassium adipate,Q931445
en:e262i,E262I,E262i - Natriumacetat,E262i - Sodium acetate,Q339940
en:e459,E459,E459 - Beta-Cyclodextrin,E459 - Beta-cyclodextrine,
en:e501i,E501I,E501i - Kaliumcarbonat,E501i - Potassium carbonate,Q379885
en:e912,E912,E912 - Montansäureester,E912 - Montanic acid esters,Q18935695
en:e527,E527,E527 - Ammoniumhydroxid,E527 - Ammonium hydroxide,Q421888
en:e1200,E1200,E1200 - Polydextrose,E1200 - Polydextrose,Q424616
en:e431,E431,E431 - Polyoxyethylen(40)stearat,E431 - Polyoxyethylene (40) stearate,Q18636149
en:e331i,E331I,E331i - Mononatriumcitrat,E331i - Monosodium citrate,Q4179018
en:e946,E946,E946 - Octafluorcyclobutan,E946 - octafluorocyclobutane,Q413079
en:e950,E950,E950 - Acesulfam-K,E950 - Acesulfame k,Q132037
en:e101ii,E101II,E101ii - Riboflavin-5′-phosphat,E101ii - Riboflavin-5′-phosphate,Q130365
en:e501,E501,E501 - Kaliumcarbonate,E501 - Potassium carbonates,Q379885
en:e1420,E1420,E1420 - acetylierte Stärke,E1420 - Acetylated starch,Q18935684
en:e472c,E472C,E472c - Citronensäureester von Mono- und Diglyceriden von Speisefettsäuren,E472c - Citric acid esters of mono- and diglycerides of fatty acids,Q18967202
en:e131,E131,E131 - Patentblau V,E131 - Patent blue v,Q420087
en:e124,E124,E124 - Cochenillerot a (ponceau 4r),E124 - Ponceau 4r,Q384709
en:e262,E262,E262 - Natriumacetate,E262 - Sodium acetates,Q339940
en:e553aii,E553AII,E553aii - Magnesiumtrisilicat,E553aii - Magnesium trisilicate,
en:e1105,E1105,E1105 - Lysozym,E1105 - Lysozyme,Q21114915
en:e483,E483,E483 - Stearyltartrat,E483 - Stearyl tartrate,Q673260
en:e529,E529,E529 - Calciumoxid,E529 - Calcium oxide,Q185006
en:e324,E324,E324 - Ethoxyquin,E324 - Ethoxyquin,Q1657816
en:e457,E457,E457 - Alpha-Cyclodextrin,E457 - Alpha-Cyclodextrine,
en:e241,E241,E241 - Guaicum Gummi,E241 - Gum Guaicum,
en:e528,E528,E528 - Magnesiumhydroxid,E528 - Magnesium hydroxide,Q407548
en:e554,E554,E554 - Natriumaluminiumsilicat,E554 - Sodium aluminium silicate,Q18967277
en:e359,E359,E359 - Ammoniumadipat,E359 - ammonium adipate,Q4747299
en:e331,E331,E331 - Natriumcitrate,E331 - Sodium citrates,Q6460572
en:e143,E143,E143 - Fast Green FCF,E143 - Fast Green FCF,Q898299
en:e350i,E350I,E350i - Natriummalat,E350i - Sodium malate,Q836788
en:e958,E958,E958 - Glycyrrhizin,E958 - Glycyrrhizin,Q418705
en:e924,E924,E924 - Kaliumbromat,E924 - Potassium bromate,Q409241
en:di-and-triphosphates,DI-AND-TRIPHOSPHATES,Di- und Triphosphate - Stabilisator Di- und Triphosphate,Di- and triphosphates,
en:e959,E959,E959 - Neohesperidin dc,E959 - Neohesperidine dihydrochalcone,Q424595
en:e542,E542,E542 - Knochenphosphat,E542 - Bone phosphate,Q18967189
en:e420ii,E420II,E420ii - Sorbitsirup,E420ii - Sorbitol syrup,Q245280
en:e931,E931,E931 - Nitrogen,E931 - Nitrogen,
en:e412,E412,E412 - Guarkernmehl,E412 - Guar gum,Q422071
en:e425ii,E425II,E425ii - Konjak-glucomannan,E425ii - Konjac glucomannan,
en:e392,E392,E392 - Extrakt aus Rosmarin,E392 - Extracts of rosemary,
en:e322a,E322A,E322a - Haferlecithin,E322a - Oat lecithin,
en:e202,E202,E202 - Kaliumsorbat,E202 - Potassium sorbate,Q410744
en:e450vi,E450VI,E450vi - Dicalciumdiphosphat,E450vi - Dicalcium diphosphate,Q4363460
en:e446,E446,E446 - Succistearin,E446 - Succistearin,Q18601547
en:e343,E343,E343 - Magnesiumphosphate,E343 - Magnesium phosphates,Q2634889 # Q723683
en:e516,E516,E516 - Calciumsulfat,E516 - Calcium sulphate,Q407258
en:e233,E233,E233 - Thiabendazol,E233 - Thiabendazole,
en:e1503,E1503,E1503 - Rizinusöl,E1503 - Castor oil,Q337492
en:e450,E450,E450 - Diphosphate,E450 - Diphosphates,Q55506489
en:e281,E281,E281 - Natriumpropionat,E281 - Sodium propionate,Q420130
en:e492,E492,E492 - Sorbitantristearat,E492 - Sorbitan tristearate,Q1416224
en:e520,E520,E520 - Aluminiumsulfat,E520 - Aluminium sulphate,Q421857
en:e161e,E161E,E161e - Violaxanthin,E161e - Violaxanthin,
en:e443,E443,E443 - Bromiertes Pflanzenöl,E443 - Brominated vegetable oil,Q4164502
en:e513,E513,E513 - Schwefelsäure,E513 - Sulphuric acid,Q4118
en:e155,E155,E155 - Braun ht,E155 - Brown ht,Q424541
en:e472d,E472D,E472d - Weinsäureester von Mono- und Diglyceriden von Speisefettsäuren,E472d - Tartaric acid esters of mono- and diglycerides of fatty acids,
en:e350,E350,E350 - Natriummalate,E350 - Sodium malates,Q836788
en:e236,E236,E236 - Ameisensäure,E236 - Formic acid,Q161233
en:e355,E355,E355 - Adipinsäure,E355 - Adipic acid,Q357415
en:e450i,E450I,E450i - Dinatriumdiphosphat,E450i - Disodium diphosphate,Q418498
en:e957,E957,E957 - Thaumatin,E957 - Thaumatin,Q414048
en:e343i,E343I,E343i - Monomagnesiumphosphat,E343i - Monomagnesium phosphate,Q4161317
en:e571,E571,E571 - Ammoniumstearat,E571,
en:e150,E150,E150 - Karamell,E150 - Caramel,Q183440
en:e1414,E1414,E1414 - acetyliertes Distärkephosphat,E1414 - Acetylated distarch phosphate,Q18967180
en:e525,E525,E525 - Kaliumhydroxid,E525 - Potassium hydroxide,Q132298
en:e553ai,E553AI,E553ai - Synthetisches Magnesiumsilikat,E553ai - Synthetic magnesium silicate,
en:e312,E312,E312 - Dodecylgallat,E312 - Dodecyl gallate,Q418209
en:e558,E558,E558 - Bentonit,E558 - Bentonite,Q380149
en:e329,E329,E329 - Magnesiumlactat,E329 - Magnesium lactate,Q594836
en:e524,E524,E524 - Natriumhydroxid,E524 - Sodium hydroxide,Q102769
en:e1430,E1430,E1430 - Distärkeglycerin,E1430 - Distarch glycerine,Q18967212
en:e163c,E163C,E163c - Malvidin,E163c - Malvidin,Q137220
en:e262ii,E262II,E262ii - Natriumdiacetat,E262ii - Sodium diacetate,Q409655
en:e586,E586,E586 - 4-hexylresorcin,E586 - 4-hexylresorcinol,
en:e501ii,E501II,E501ii - Kaliumhydrogencarbonat,E501ii - Potassium hydrogen carbonate,Q410529
en:e101,E101,E101 - Riboflavin,E101 - Riboflavin,Q130365
en:e328,E328,E328 - Ammoniumlactat,E328 - ammonium lactate,Q663358
en:e354,E354,E354 - Calciumtartrat,E354 - Calcium tartrate,Q416767
en:e559,E559,E559 - Aluminiumsilicat,E559 - Aluminium silicate,Q1284687
en:e427,E427,E427 - Cassia-gummi,E427 - Cassia gum,Q3110379
en:e942,E942,E942 - Distickstoffoxid,E942 - Nitrous oxide,Q905750
en:e263,E263,E263 - Calciumacetat,E263 - Calcium acetate,Q409251
en:e301,E301,E301 - Natriumascorbat,E301 - Sodium ascorbate,Q424551
en:e128,E128,E128 - Rot 2G,E128 - Red 2G,Q417819
en:e154,E154,E154 - Braun FK,E154 - Brown FK,Q425437
en:e331ii,E331II,E331ii - Dinatriumcitrat,E331ii - Disodium citrate,Q4177124
en:e482,E482,E482 - Calciumstearoyl-2-lactylat,E482 - Calcium stearoyl-2-lactylate,Q788535
en:e636,E636,E636 - Maltol,E636 - Maltol,
en:e916,E916,E916 - Calciumiodat,E916 - Calcium iodate,Q2185998
en:e129,E129,E129 - Allurarot ac,E129 - Allura red,Q419895
en:e961,E961,E961 - Neotam,E961 - Neotame,Q415698
en:e401,E401,E401 - Natriumalginat,E401 - sodium alginate,Q1187513
en:e450iii,E450III,E450iii - Tetranatriumdiphosphat,E450iii - Tetrasodium diphosphate,Q418504
en:e101i,E101I,E101i - Riboflavin,E101i - Riboflavin,Q130365
en:e127,E127,E127 - Erythrosin,E127 - Erythrosine,Q420101
en:e633,E633,E633 - Calciuminosinat,E633 - Calcium inosinate,Q725037
en:e920,E920,E920 - L-cystein,E920 - l-cysteine,Q186474
en:e913,E913,E913 - Wollwachs,E913 - Lanolin,Q911098
en:e1405,E1405,E1405 - Enzymatisch modifizierte Stärke,E1405 - Enzyme treated starch,Q18967222
en:e429,E429,E429 - Pepton,E429 - peptone,Q424323
en:e440b,E440B,E440b - amidiertes Pektin,E440b - pectin amide,Q188154
en:e557,E557,E557 - Hemimorphit,E557 - hemimorphite,Q408008
en:e428,E428,E428 - Gelatine,E428 - Gelatine,Q179254
en:e211,E211,E211 - Natriumbenzoat,E211 - Sodium benzoate,Q423971
en:e925,E925,E925 - Chlor,E925 - Chlorine,Q688
en:e182,E182,E182 - Orcein,E182 - Orcein,Q425645
en:e266,E266,E266 - Natriumdehydroacetat,E266 - Sodium dehydroacetate,Q7553316
en:e327,E327,E327 - Calciumlactat,E327 - calcium lactate,Q419693
en:e331iii,E331III,E331iii - Trinatriumcitrat,E331iii - Trisodium citrate,
en:e641,E641,E641 - L-Leucin,E641 - Leucine,Q483745
en:e555,E555,E555 - Kaliumaluminiumsilicat,E555 - Potassium aluminium silicate,Q18944658
en:e350ii,E350II,E350ii - Natriumhydrogenmalat,E350ii - Sodium hydrogen malate,Q42807545
en:ammonium-and-sodium-carbonates,AMMONIUM-AND-SODIUM-CARBONATES,Ammonium und Natriumcarbonat,Ammonium and sodium carbonates,
en:e493,E493,E493 - Sorbitanmonolaurat,E493 - Sorbitan monolaurate,Q15427856
en:e163d,E163D,E163d - Pelargonidin,E163d - Pelargonidin,Q2522451
en:e420i,E420I,E420i - D-Glucitol,E420i - D-sorbitol,Q245280
en:e325,E325,E325 - Natriumlactat,E325 - sodium lactate,Q418235
en:e442,E442,E442 - Ammoniumphosphatide,E442 - Ammonium phosphatides,Q695975
en:e1423,E1423,E1423 - Acetyliertes Distärkeglycerin,E1423 - Acetylated distarch glycerol,Q18608829
en:e120,E120,E120 - echtes Karmin,E120 - Cochineal,Q416860
en:e512,E512,E512 - Zinnii-chlorid,E512 - Stannous chloride,Q204964
en:e927,E927,E927 - Azodicarbonamid und Carbamide,E927 - Azodicarbonamide and Carbamide,
en:e125,E125,E125 - E125 food additive,E125 - Scarlet GN,Q934310
en:e450v,E450V,E450v - Tetrakaliumdiphosphat,E450v - Tetrapotassium diphosphate,Q290828
en:e425i,E425I,E425i - Konjakgummi,E425i - Konjac gum,
en:e320,E320,E320 - Butylhydroxyanisol,E320 - Butylated hydroxyanisole (bha),Q409401
en:e313,E313,E313 - Ethyl gallate,E313 - Ethyl gallate,
en:e546,E546,Magnesiumpyrophosphat,E546 - Magnesium pyrophosphate,
en:e713,E713,E713 - Tylosin,E713 - Tylosin,Q411462
en:e416,E416,E416 - Karaya-gummi,E416 - Karaya-gum,Q421167
en:e161i,E161I,E161i - Citranaxanthin,E161i - Citranaxanthin,
en:e171,E171,E171 - Titandioxid,E171 - Titanium dioxide,Q193521
en:e550,E550,E550 - Natriumsilikat,E550 - Sodium silicate,Q18944661
en:e461,E461,E461 - Methylcellulose,E461 - methyl cellulose,Q416312
en:e1411,E1411,E1411 - Distärkeglycerol,E1411 - Distarch glycerol,Q18967214
en:e901,E901,E901 - Bienenwachs weiß und gelb,E901 - white and yellow beeswax,Q143739
en:e142,E142,E142 - Grün s,E142 - Green s,Q420143
en:e420,E420,E420 - Sorbit,E420 - Sorbitol,Q245280
en:e1203,E1203,E1203 - Polyvinylalkohol,E1203 - Polyvinyl alcohol,Q146339
en:e316,E316,E316 - Natriumisoascorbat,E316 - sodium erythorbate,Q417003
en:e413,E413,E413 - Traganth,E413 - Tragacanth,Q423901
en:e929,E929,E929 - Acetonperoxid,E929 - acetone peroxide,Q329022
en:e203,E203,E203 - Calciumsorbat,E203 - Calcium sorbate,Q425183
en:e343ii,E343II,E343ii - Dimagnesiumphosphat,E343ii - Dimagnesium phosphate,Q14325507
en:e472g,E472G,E472g - Succinylierte Monoglyceride,E472g - Succinylated monoglycerides,
en:e471,E471,E471 - Mono- und Diglyceride von Speisefettsäuren,E471 - Mono- and diglycerides of fatty acids,Q416711
en:e496,E496,E496 - Sorbitantrioleat,E496 - Sorbitan trioleate,Q18601524
en:e161,E161,E161 - Xanthophylle,E161 - Xanthophylls,
en:e450ii,E450II,E450ii - Trinatriumdiphosphat,E450ii - Trisodium diphosphate,Q290828
en:e928,E928,E928 - Dibenzoylperoxid,E928 - Benzole peroxide,Q411424
en:e954,E954,E954 - Saccharin,E954 - saccharin and its salts,Q191381
en:e232,E232,E232 - Natriumorthophenylphenol,E232 - Sodium orthophenyl phenol,Q6581446
en:e342,E342,E342 - Ammoniumphosphat,E342 - Ammonium phosphate,Q18967184
en:e553a,E553A,E553a - synthetische Magnesiumsilikate,E553a - synthetic magnesium silicates,
en:e285,E285,E285 - Natriumtetraborat (borax),E285 - Sodium tetraborate (borax),Q5319
en:e508,E508,E508 - Kaliumchlorid,E508 - Potassium chloride,Q184630
en:e626,E626,E626 - Guanylsäure,E626 - Guanylic acid,Q422473
en:e1404,E1404,E1404 - Oxidierte stärke,E1404 - Oxidised starch,Q18967259
en:e964,E964,E964 - Polyglycitol-Sirup,E964 - Polyglycitol syrup,Q18601425
en:e170ii,E170II,E170ii - Calciumhydrogencarbonat,E170ii - Calcium hydrogen carbonate,Q415144
en:e304,E304,Fettsäureester der Ascorbinsäure - Palmitinsäureascorbylester,E304 - Fatty acid esters of ascorbic acid,Q43303953
en:e570,E570,E570 - Speisefettsäuren,E570 - Fatty acids,Q61476
en:e509,E509,E509 - Calciumchlorid,E509 - Calcium chloride,Q208451
en:e151,E151,E151 - Brilliantschwarz bn (schwarz pn),E151 - Brilliant black bn,Q420079
en:e460ii,E460II,E460ii - Cellulosepulver,E460ii - Powdered cellulose,Q80294
en:e163f,E163F,E163f - Petunidin,E163f - Petunidin,Q27145212
en:e472a,E472A,E472a - Essigsäureester von Mono- und Diglyceriden von Speisefettsäuren,E472a - Acetic acid esters of mono- and diglycerides of fatty acids,Q26806065
en:e451i,E451I,E451i - Pentanatriumtriphosphat,E451i - Pentasodium triphosphate,Q29145
en:e1521,E1521,E1521 - Polyethylenglycol,E1521 - Polyethylene glycol,Q410083
en:e249,E249,E249 - Kaliumnitrit,E249 - Potassium nitrite,Q409179
en:e504ii,E504II,E504ii - Magnesiumhydroxidcarbonat,E504ii - Magnesium hydroxide carbonate,Q407931
en:e104,E104,E104 - Chinolingelb,E104 - Quinoline yellow,Q420123
en:e351,E351,E351 - Kaliummalat,E351 - Potassium malate,Q408755
en:e575,E575,E575 - Glucono-delta-lacton,E575 - Glucono-delta-lactone,Q114174
en:e339,E339,E339 - Natriumphosphaten,E339 - Sodium phosphates,Q3249706
en:e160e,E160E,E160e - Beta-apo-8′-Carotinal (C30),E160e - Beta-apo-8′-carotenal (c30),
en:e640ii,E640II,E640ii - Natriumglycinat,E640ii - Sodiumglycinate,Q18967228
en:e521,E521,E521 - Aluminiumnatriumsulfat,E521 - Aluminium sodium sulphate,Q413559
en:e338,E338,E338 - Phosphorsäure,E338 - Phosphoric acid,Q184782
en:e1101,E1101,E1101 - Peptidase,E1101 - Protease,Q212410
en:e280,E280,E280 - Propionsäure,E280 - Propionic acid,Q422956
en:e905e,E905E,E905e - Mineralöl mittlere Viskosität,E905e - Mineral oil medium viscosity,Q579764
en:e451,E451,E451 - Tripolyphosphat,E451 - Triphosphates,Q29145
en:e560,E560,E560 - Kaliumsilicat,E560 - Potassium silicate,Q419390
en:e214,E214,E214 - Phb-ester (ethyl-p-hydroxybenzoat),E214 - Ethyl p-hydroxybenzoate,Q229976
en:e304i,E304I,E304i - Ascorbylpalmitat,E304i - Ascorbyl palmitate,Q424521
en:e337,E337,E337 - Kalium-natrium-tartrat,E337 - Potassium sodium tartrate,Q303489
en:amino-acids,AMINO-ACIDS,Aminosäuren,Amino acids,
en:e623,E623,E623 - Calciumdiglutamat,E623 - Calcium diglutamate,Q591440
en:e930,E930,E930 - Calciumperoxid,E930 - calcium peroxide,Q94770
en:e1000,E1000,E1000 - Cholsäure,E1000 - Cholic acid,Q287415
en:e507,E507,E507 - Salzsäure,E507 - Hydrochloric acid,Q2409
en:e339i,E339I,E339i - Mononatriumphosphat,E339i - Monosodium phosphate,Q415877
en:e404,E404,E404 - Calciumalginat,E404 - Calcium alginate,Q2034064
en:e505,E505,E505 - EisenII-carbonat,E505 - Ferrous carbonate,Q18967227
en:e330,E330,E330 - Citronensäure,E330 - Citric acid,Q159683
en:e174,E174,E174 - Silber,E174 - Silver,Q1090
en:e464,E464,E464 - Hydroxypropylmethylcellulose,E464 - Hydroxypropyl methyl cellulose,Q423846
en:e1422,E1422,E1422 - acetyliertes Distärkeadipat,E1422 - Acetylated distarch adipate,Q2824457
en:e240,E240,E240 - Formaldehyd,E240 - Formaldehyde,Q161210
en:e1518,E1518,E1518 - Glycerintriacetat,E1518 - Glyceryl triacetate,Q83253
en:e163b,E163B,E163b - Delphinidin,E163b - Delphinidin,Q367258
en:e965ii,E965II,E965ii - Maltitsirup,E965ii - Maltitol syrup,Q423882
en:e578,E578,E578 - Calciumgluconat,E578 - calcium gluconate,Q413739
en:e130,E130,E130 - Indanthron,E130 - Indanthrene blue RS,Q185929
en:e579,E579,E579 - Eisengluconat,E579 - iron gluconate,Q421291
en:e500,E500,E500 - Natriumcarbonate,E500 - Sodium carbonates,Q190227
en:e335,E335,E335 - Natriumtartrate,E335 - Sodium tartrates,Q58641683
en:e577,E577,E577 - Kaliumgluconat,E577 - Potassium gluconate,Q1122870
en:e951,E951,E951 - Aspartam,E951 - Aspartame,Q182040
en:e939,E939,E939 - Helium,E939 - Helium,Q560
en:e161j,E161J,E161j - Astaxanthin,E161j - Astaxanthin,
en:e1202,E1202,E1202 - Polyvinylpolypyrrolidon,E1202 - Polyvinylpolypyrrolidone,Q3003746
en:e474,E474,E474 - Zuckerglyceride,E474 - Sucroglycerides,Q18608931
en:e938,E938,E938 - Argon,E938 - Argon,Q696
en:e164,E164,E164 - Safran,E164 - saffron,Q25434
en:e435,E435,E435 - Polyoxyethylen-Sorbitanmonostearat,E435 - Polyoxyethylene sorbitan monostearate,Q2103104
en:e222,E222,E222 - Natriumhydrogensulfit,E222 - Sodium bisulphite,Q407891
en:e1210,E1210,E1210 - Carbomer,E1210 - Carbomer,
en:e500i,E500I,E500i - Natriumcarbonat,E500i - Sodium carbonate,Q190227
en:e335i,E335I,E335i - Mononatriumtartrat,E335i - Monosodium tartrate,Q836451
en:e904,E904,E904 - Schellack,E904 - Shellac,Q429659
en:e1441,E1441,E1441 - Hydroxypropyldistärkeglycerin,E1441 - Hydroxy propyl distarch glycerine,Q18967235
